,File,URL,Extension,Size (MB),Created,Description,Category,Model,Keep (Y/N),Note
0,AHC/AHCMain1.pdf,https://groups.io/g/hardinge-lathe/files/AHC/AHCMain1.pdf,.pdf,7.72,2016-03-16T03:51:13-07:00,AHC Maintenance Manual pages 1-32,manual,AHC,Y,
1,AHC/AHCMain2.pdf,https://groups.io/g/hardinge-lathe/files/AHC/AHCMain2.pdf,.pdf,7.21,2016-03-16T03:53:26-07:00,AHC Maintenance Manual pages 32-62.,manual,AHC,Y,
2,AHC/AHCPL1.pdf,https://groups.io/g/hardinge-lathe/files/AHC/AHCPL1.pdf,.pdf,6.08,2016-03-16T03:44:37-07:00,AHC Parts List 72 pages,manual,AHC,Y,
3,AdditionalThreadChart.pdf,https://groups.io/g/hardinge-lathe/files/AdditionalThreadChart.pdf,.pdf,0.0,2016-02-04T10:03:15-08:00,Changewheel Chart with some fractional threads,gearing,,Y,
4,Alignment_Pin.PDF,https://groups.io/g/hardinge-lathe/files/Alignment_Pin.PDF,.PDF,0.11,2007-02-20T10:01:51-08:00,Bayonet pin for Hardinge Chuck,,,Y,
5,Annotated_Hardinge_Patents,https://groups.io/g/hardinge-lathe/files/Annotated_Hardinge_Patents,,0.0,2006-07-23T15:09:14-07:00,Annotated Hardinge Patent List (.txt),history,,Y,
6,Automatic and Manual Threading Units Manual.pdf,https://groups.io/g/hardinge-lathe/files/Automatic%20and%20Manual%20Threading%20Units%20Manual.pdf,.pdf,9.78,2017-09-05T14:43:01-07:00,Automatic and Manual Threading Units -Hardinge Manual-,manual,HC,Y,
7,Back Gear Teeth Info.pdf,https://groups.io/g/hardinge-lathe/files/Back%20Gear%20Teeth%20Info.pdf,.pdf,0.08,2012-01-11T13:18:38-08:00,Information on cutting teeth for the TL back gear,gearing,TL,Y,
8,Boston_Change_Gear_20_DP.pdf,https://groups.io/g/hardinge-lathe/files/Boston_Change_Gear_20_DP.pdf,.pdf,0.03,2006-06-28T21:06:09-07:00,Boston Gear Works 20 DP Change Gears,gearing,,Y,
9,British HLV files/BritHLVSchematic.jpg,https://groups.io/g/hardinge-lathe/files/British%20HLV%20files/BritHLVSchematic.jpg,.jpg,2.59,2017-01-08T08:55:01-08:00,Early HLV schematic,electrical,HLV,Y,
10,British HLV files/Hardinge_HLV-B_Wiring_Diagram.jpg,https://groups.io/g/hardinge-lathe/files/British%20HLV%20files/Hardinge_HLV-B_Wiring_Diagram.jpg,.jpg,0.42,2017-01-08T08:56:31-08:00,"US HLV-B wiring section, part similar to early British HLV. (from Joe Landau)",electrical,HLV,Y,
11,British HLV files/wiring_diag-hires.jpg,https://groups.io/g/hardinge-lathe/files/British%20HLV%20files/wiring_diag-hires.jpg,.jpg,3.14,2017-01-08T09:08:24-08:00,Photograph of wiring diagram for early HLV.,electrical,HLV,Y,
12,ChangeGearCalculations.comp.pdf,https://groups.io/g/hardinge-lathe/files/ChangeGearCalculations.comp.pdf,.pdf,0.0,2016-02-04T10:20:19-08:00,Method for calculating gear train for threads not catered for through the Norton gearbox. Covers both Imperial and Metric machines with conversion attachments,gearing,,Y,
13,Gear Chart.jpg,https://groups.io/g/hardinge-lathe/files/Gear%20Chart.jpg,.jpg,0.0,2011-01-28T17:21:53-08:00,HLV-EM Gear Change Chart,gearing,HLV,Y,
14,Gear-wheel-data-METRIC DATA-2.xls,https://groups.io/g/hardinge-lathe/files/Gear-wheel-data-METRIC%20DATA-2.xls,.xls,0.05,2011-12-28T01:33:07-08:00,Hardinge Gear Wheel Data,gearing,TR+ESM,Y,
15,HARDINGE GEAR CHART(1).pdf,https://groups.io/g/hardinge-lathe/files/HARDINGE%20GEAR%20CHART(1).pdf,.pdf,0.01,2008-05-06T18:25:21-07:00,Hardinge Change Gear Chart,gearing,,Y,
16,HC Chucker Parts PL-10.pdf,https://groups.io/g/hardinge-lathe/files/HC%20Chucker%20Parts%20PL-10.pdf,.pdf,4.41,2014-04-22T17:13:18-07:00,HC Chucker Parts Manual,manual,HC,Y,
17,HC Maintenance Manual Pt1.pdf,https://groups.io/g/hardinge-lathe/files/HC%20Maintenance%20Manual%20Pt1.pdf,.pdf,0.0,2009-12-10T23:18:06-08:00,HC Maintenance Manual Part 1,manual,HC,Y,
18,HC Maintenance Manual Pt2.pdf,https://groups.io/g/hardinge-lathe/files/HC%20Maintenance%20Manual%20Pt2.pdf,.pdf,3.69,2009-12-10T23:19:49-08:00,HC Maintenance Manual Part 2,manual,HC,Y,
19,HC Operator Manual pt 1.pdf,https://groups.io/g/hardinge-lathe/files/HC%20Operator%20Manual%20pt%201.pdf,.pdf,3.01,2009-12-10T23:06:04-08:00,HC Operator's Manual part 1,manual,HC,Y,
20,HC Operators Manual pt2.pdf,https://groups.io/g/hardinge-lathe/files/HC%20Operators%20Manual%20pt2.pdf,.pdf,0.0,2009-12-10T23:08:05-08:00,HC Operator's Manual part 2,manual,HC,Y,
21,HC Spindle Brake (compressed).pdf,https://groups.io/g/hardinge-lathe/files/HC%20Spindle%20Brake%20(compressed).pdf,.pdf,0.29,2009-01-26T13:40:44-08:00,Compact version of HC Spindle Brake Adjustment,manual,HC,Y,
22,HEADSTOCK SECTION FINAL.jpg,https://groups.io/g/hardinge-lathe/files/HEADSTOCK%20SECTION%20FINAL.jpg,.jpg,0.17,2008-03-05T20:39:20-08:00,TL Headstock CAD Drawing,drawing,TL,Y,
23,HLV-H Brochure & Price List/HLV-H_PriceList-1974.pdf,https://groups.io/g/hardinge-lathe/files/HLV-H%20Brochure%20&%20Price%20List/HLV-H_PriceList-1974.pdf,.pdf,0.11,2003-09-27T15:40:49-07:00,,,HLV-H,Y,
24,HLV-H EM change gear information/Hardinge HLV-H EM thread cutting chart.pdf,https://groups.io/g/hardinge-lathe/files/HLV-H%20EM%20change%20gear%20information/Hardinge%20HLV-H%20EM%20thread%20cutting%20chart.pdf,.pdf,1.14,2004-10-19T21:29:10-07:00,Thread cutting chart for the EM version of the HLV-H,gearing,,Y,
25,HLV-H EM change gear information/Hardinge HLV-H EM thread cutting instructions.pdf,https://groups.io/g/hardinge-lathe/files/HLV-H%20EM%20change%20gear%20information/Hardinge%20HLV-H%20EM%20thread%20cutting%20instructions.pdf,.pdf,4.16,2004-10-19T21:29:12-07:00,Thread cutting instructions for the HLV-H EM,gearing,,Y,
26,HLV-H EM change gear information/Hardinge HLV-H change gear bracket.pdf,https://groups.io/g/hardinge-lathe/files/HLV-H%20EM%20change%20gear%20information/Hardinge%20HLV-H%20change%20gear%20bracket.pdf,.pdf,0.0,2004-10-19T15:31:34-07:00,EM change gear bracket,gearing,HLV-H,Y,
27,HLV-H EM change gear information/Hardinge HLV-H change gear parts.pdf,https://groups.io/g/hardinge-lathe/files/HLV-H%20EM%20change%20gear%20information/Hardinge%20HLV-H%20change%20gear%20parts.pdf,.pdf,0.58,2004-10-19T15:35:42-07:00,HLV-H change gear part numbers,gearing,HLV-H,Y,
28,HLV-H EM change gear information/hardinge EM bracket.dwg,https://groups.io/g/hardinge-lathe/files/HLV-H%20EM%20change%20gear%20information/hardinge%20EM%20bracket.dwg,.dwg,0.3,2004-10-20T14:16:27-07:00,HLV-H EM change gear bracket drawing (revised),gearing,HLV-H,Y,
29,HLV-H Manual/Acu-Rite Digital Readout Maintenance Recommendation; M-176 1986.1.pdf,https://groups.io/g/hardinge-lathe/files/HLV-H%20Manual/Acu-Rite%20Digital%20Readout%20Maintenance%20Recommendation;%20M-176%201986.1.pdf,.pdf,1.1,2019-07-14T05:57:13-07:00,,manual,HLV-H,Y,
30,"HLV-H Manual/Acu-Rite Digital Readout System for Hardinge HLV, TFB, and HC Machines; M-140C 1989.6.pdf","https://groups.io/g/hardinge-lathe/files/HLV-H%20Manual/Acu-Rite%20Digital%20Readout%20System%20for%20Hardinge%20HLV,%20TFB,%20and%20HC%20Machines;%20M-140C%201989.6.pdf",.pdf,53.27,2019-07-14T05:57:14-07:00,,manual,HC,Y,
31,HLV-H Manual/Brochure HLV Servo; 1332A 2004.pdf,https://groups.io/g/hardinge-lathe/files/HLV-H%20Manual/Brochure%20HLV%20Servo;%201332A%202004.pdf,.pdf,0.48,2019-07-14T05:57:15-07:00,,brochure,HLV-H,Y,
32,HLV-H Manual/Hardinge HLV-H Manual.pdf,https://groups.io/g/hardinge-lathe/files/HLV-H%20Manual/Hardinge%20HLV-H%20Manual.pdf,.pdf,4.83,2008-04-22T11:14:55-07:00,,manual,HLV-H,Y,
33,HLV-H Manual/Hardinge HLV-H Parts List.pdf,https://groups.io/g/hardinge-lathe/files/HLV-H%20Manual/Hardinge%20HLV-H%20Parts%20List.pdf,.pdf,1.62,2008-04-22T10:08:42-07:00,,manual,HLV-H,Y,
34,HLV-H Manual/Instructions for Metric Thread Cutting Attachment for Hardinge HLV-H; M-58B 1991.11.pdf,https://groups.io/g/hardinge-lathe/files/HLV-H%20Manual/Instructions%20for%20Metric%20Thread%20Cutting%20Attachment%20for%20Hardinge%20HLV-H;%20M-58B%201991.11.pdf,.pdf,1.16,2019-07-14T05:57:15-07:00,,manual,HLV-H,Y,
35,HLV-H Manual/Instructions for Mounting the Digital Readout Console; M-150B 1987.5.pdf,https://groups.io/g/hardinge-lathe/files/HLV-H%20Manual/Instructions%20for%20Mounting%20the%20Digital%20Readout%20Console;%20M-150B%201987.5.pdf,.pdf,0.92,2019-07-14T05:57:15-07:00,,manual,HLV-H,Y,
36,HLV-H Manual/Maintenance Manual for Hardinge HLV-H and TFB-H serial 13585 and up; M-10C 1991.2.pdf,https://groups.io/g/hardinge-lathe/files/HLV-H%20Manual/Maintenance%20Manual%20for%20Hardinge%20HLV-H%20and%20TFB-H%20serial%2013585%20and%20up;%20M-10C%201991.2.pdf,.pdf,7.27,2019-07-14T05:57:16-07:00,,manual,HLV-H,Y,
37,HLV-H Manual/Maintenance for Hardinge HLV-H; 515673-H61.pdf,https://groups.io/g/hardinge-lathe/files/HLV-H%20Manual/Maintenance%20for%20Hardinge%20HLV-H;%20515673-H61.pdf,.pdf,27.96,2019-07-14T05:57:15-07:00,,manual,HLV-H,Y,
38,HLV-H Manual/Operator's Manual Hardinge HLV and TFB-H; M-2E 1989.1.pdf,https://groups.io/g/hardinge-lathe/files/HLV-H%20Manual/Operator's%20Manual%20Hardinge%20HLV%20and%20TFB-H;%20M-2E%201989.1.pdf,.pdf,2.46,2019-07-14T05:57:16-07:00,,manual,HLV-H,Y,
39,HLV-H Manual/Operator's Manual for Hardinge HLV-H.pdf,https://groups.io/g/hardinge-lathe/files/HLV-H%20Manual/Operator's%20Manual%20for%20Hardinge%20HLV-H.pdf,.pdf,5.16,2019-07-14T05:57:16-07:00,,manual,HLV-H,Y,
40,HLV-H Manual/Parts List for Hardinge HLV Servo; PL-7D 2009.4.pdf,https://groups.io/g/hardinge-lathe/files/HLV-H%20Manual/Parts%20List%20for%20Hardinge%20HLV%20Servo;%20PL-7D%202009.4.pdf,.pdf,1.57,2019-07-14T05:57:16-07:00,,manual,HLV-H,Y,
41,"HLV-H Manual/Parts List for Hardinge HLV-H, HLV-M, HLV-EM, and TFB-H; PL-7C 1987.6.pdf","https://groups.io/g/hardinge-lathe/files/HLV-H%20Manual/Parts%20List%20for%20Hardinge%20HLV-H,%20HLV-M,%20HLV-EM,%20and%20TFB-H;%20PL-7C%201987.6.pdf",.pdf,5.16,2019-07-14T05:57:17-07:00,,manual,HLV-H,Y,
42,HLV-H Manual/Power Case Filter Information for Acu-Rite DRO in Hardinge HLV and TFB Machines; SP-193 1990.12.pdf,https://groups.io/g/hardinge-lathe/files/HLV-H%20Manual/Power%20Case%20Filter%20Information%20for%20Acu-Rite%20DRO%20in%20Hardinge%20HLV%20and%20TFB%20Machines;%20SP-193%201990.12.pdf,.pdf,0.87,2019-07-14T05:57:17-07:00,,manual,HLV-H,Y,
43,HLV-H Manual/Supplement to Operator's Manual M-2E; SP-156 1991.3.pdf,https://groups.io/g/hardinge-lathe/files/HLV-H%20Manual/Supplement%20to%20Operator's%20Manual%20M-2E;%20SP-156%201991.3.pdf,.pdf,6.87,2019-07-14T05:57:17-07:00,,manual,HLV-H,Y,
44,HLV-H Manual/Thread Charts for Hardinge HLV-M with Metric Gearbox; M-78B 1981.pdf,https://groups.io/g/hardinge-lathe/files/HLV-H%20Manual/Thread%20Charts%20for%20Hardinge%20HLV-M%20with%20Metric%20Gearbox;%20M-78B%201981.pdf,.pdf,2.95,2019-07-14T05:57:17-07:00,,manual,HLV-H,Y,
45,HLV-H Manual/Threading Instructions for Hardinge HLV-EM and HLV-DR with Dual Gearbox; M-69A 1991.9.pdf,https://groups.io/g/hardinge-lathe/files/HLV-H%20Manual/Threading%20Instructions%20for%20Hardinge%20HLV-EM%20and%20HLV-DR%20with%20Dual%20Gearbox;%20M-69A%201991.9.pdf,.pdf,9.62,2019-07-14T05:57:13-07:00,,manual,HLV-H,Y,
46,HLV-H Schematic.pdf,https://groups.io/g/hardinge-lathe/files/HLV-H%20Schematic.pdf,.pdf,2.74,2009-01-26T05:13:46-08:00,HLV-H Wiring,electrical,HLV-H,Y,
47,HLV-H change gear information/Hardinge HLV-H change gear bracket.pdf,https://groups.io/g/hardinge-lathe/files/HLV-H%20change%20gear%20information/Hardinge%20HLV-H%20change%20gear%20bracket.pdf,.pdf,0.25,2004-10-19T21:21:55-07:00,Change gear bracket for the standard HLV-H,manual,HLV-H,Y,
48,HLV-H change gear information/Hardinge HLV-H inch pitch chart.pdf,https://groups.io/g/hardinge-lathe/files/HLV-H%20change%20gear%20information/Hardinge%20HLV-H%20inch%20pitch%20chart.pdf,.pdf,0.0,2004-10-19T21:24:18-07:00,chart for the HLV-H,manual,HLV-H,Y,
49,HV-4N.pdf,https://groups.io/g/hardinge-lathe/files/HV-4N.pdf,.pdf,0.0,2008-03-24T20:35:40-07:00,H/V Indexer stuff,,,Y,
50,Hardinge Brochure Early TL/Hardinge Brochure Page 1.jpg,https://groups.io/g/hardinge-lathe/files/Hardinge%20Brochure%20Early%20TL/Hardinge%20Brochure%20Page%201.jpg,.jpg,1.87,2009-11-13T00:19:52-08:00,,delete,TL,Y,
51,Hardinge Brochure Early TL/Hardinge Brochure Page 2.jpg,https://groups.io/g/hardinge-lathe/files/Hardinge%20Brochure%20Early%20TL/Hardinge%20Brochure%20Page%202.jpg,.jpg,1.67,2009-11-13T00:21:51-08:00,,delete,TL,Y,
52,Hardinge Brochure Early TL/Hardinge Brochure Page 3.jpg,https://groups.io/g/hardinge-lathe/files/Hardinge%20Brochure%20Early%20TL/Hardinge%20Brochure%20Page%203.jpg,.jpg,0.0,2009-11-13T00:32:24-08:00,,delete,TL,Y,
53,Hardinge Brochure Early TL/Hardinge Brochure Page 4.jpg,https://groups.io/g/hardinge-lathe/files/Hardinge%20Brochure%20Early%20TL/Hardinge%20Brochure%20Page%204.jpg,.jpg,2.17,2009-11-13T00:31:44-08:00,,delete,TL,Y,
54,Hardinge Brochure Early TL/Hardinge Brochure Page 5.jpg,https://groups.io/g/hardinge-lathe/files/Hardinge%20Brochure%20Early%20TL/Hardinge%20Brochure%20Page%205.jpg,.jpg,0.0,2009-11-13T00:34:33-08:00,,delete,TL,Y,
55,Hardinge Brochure Early TL/Hardinge Brochure Page 6.jpg,https://groups.io/g/hardinge-lathe/files/Hardinge%20Brochure%20Early%20TL/Hardinge%20Brochure%20Page%206.jpg,.jpg,1.99,2009-11-13T00:40:18-08:00,,delete,TL,Y,
56,Hardinge Brochure Early TL/Hardinge Brochure Page 7.jpg,https://groups.io/g/hardinge-lathe/files/Hardinge%20Brochure%20Early%20TL/Hardinge%20Brochure%20Page%207.jpg,.jpg,2.03,2009-11-13T00:45:42-08:00,,delete,TL,Y,
57,Hardinge Brochure Early TL/Hardinge Brochure Page 8.jpg,https://groups.io/g/hardinge-lathe/files/Hardinge%20Brochure%20Early%20TL/Hardinge%20Brochure%20Page%208.jpg,.jpg,3.27,2009-11-13T00:51:59-08:00,,delete,TL,Y,
58,Hardinge Brochure Early TL/Hardinge T-10 Brochure.pdf,https://groups.io/g/hardinge-lathe/files/Hardinge%20Brochure%20Early%20TL/Hardinge%20T-10%20Brochure.pdf,.pdf,9.57,2016-12-18T09:07:21-08:00,"PDF Version of the previously uploaded T-10 brochure scans, consolidated for convenience.",brochure,TL,Y,
59,Hardinge Brochure Early TL/Tailstock Turret Form #224.JPG,https://groups.io/g/hardinge-lathe/files/Hardinge%20Brochure%20Early%20TL/Tailstock%20Turret%20Form%20#224.JPG,.JPG,0.2,2012-09-07T08:29:49-07:00,I thought this may be of some interest to members who use tailstock turrets.,,,Y,
60,Hardinge DV59 Operator's Manual.pdf,https://groups.io/g/hardinge-lathe/files/Hardinge%20DV59%20Operator's%20Manual.pdf,.pdf,1.05,2010-04-28T18:42:47-07:00,Hardinge DV59 Operator's Manual,manual,DV+DSM,Y,
61,Hardinge DV59 parts list (includes accessories).pdf,https://groups.io/g/hardinge-lathe/files/Hardinge%20DV59%20parts%20list%20(includes%20accessories).pdf,.pdf,0.0,2010-04-30T16:47:45-07:00,Hardinge DV59 parts list (incl. accessories),,DV+DSM,Y,
62,Hardinge H4 Indexer Plates 2.jpg,https://groups.io/g/hardinge-lathe/files/Hardinge%20H4%20Indexer%20Plates%202.jpg,.jpg,0.13,2004-12-03T14:30:42-08:00,All the info you need to make your own custom plates,,,Y,
63,Hardinge HLV User Manual.zip,https://groups.io/g/hardinge-lathe/files/Hardinge%20HLV%20User%20Manual.zip,.zip,0.0,2011-09-15T12:42:24-07:00,HLV Manual (zipped),manual,HLV,Y,
64,Hardinge HLV-H 397 Wiring Diagram.pdf,https://groups.io/g/hardinge-lathe/files/Hardinge%20HLV-H%20397%20Wiring%20Diagram.pdf,.pdf,1.67,2009-10-12T13:04:36-07:00,HLV-H Wiring Diagram UK 1961 (No397),electrical,HLV-H,Y,
65,Hardinge HLV-H Manual/Hardinge HLV Manual as PDF,https://groups.io/g/hardinge-lathe/files/Hardinge%20HLV-H%20Manual/Hardinge%20HLV%20Manual%20as%20PDF,,0.0,2017-09-17T05:58:21-07:00,Link to Hardinge HLV Manual as PDF in photorealistic quality,manual,HLV,Y,
66,Hardinge HLV-H Serial Number.pdf,https://groups.io/g/hardinge-lathe/files/Hardinge%20HLV-H%20Serial%20Number.pdf,.pdf,0.02,2009-01-26T04:40:54-08:00,Serial numbers for HLV-H & year of Manuf.,history,HLV-H,Y,
67,Hardinge HLV-H brochure 1968.pdf,https://groups.io/g/hardinge-lathe/files/Hardinge%20HLV-H%20brochure%201968.pdf,.pdf,0.0,2013-11-02T11:47:01-07:00,Hardinge HLV-H Lathe Brochure 1968 supplied by Bill Todd,brochure,HLV-H,Y,
68,Hardinge High Speed Tool Room Lathe bulletin.pdf,https://groups.io/g/hardinge-lathe/files/Hardinge%20High%20Speed%20Tool%20Room%20Lathe%20bulletin.pdf,.pdf,2.35,2009-06-22T07:15:50-07:00,Hardinge early model TL bulletin,brochure,TL,Y,
69,Hardinge Operator Manual Pt 1.pdf,https://groups.io/g/hardinge-lathe/files/Hardinge%20Operator%20Manual%20Pt%201.pdf,.pdf,0.0,2009-01-26T03:20:06-08:00,HLV-H Early Manual Pt1,manual,HLV-H,Y,
70,Hardinge Operator Manual Pt 2.pdf,https://groups.io/g/hardinge-lathe/files/Hardinge%20Operator%20Manual%20Pt%202.pdf,.pdf,0.0,2009-01-26T03:23:31-08:00,HLV-H Early Manual Pt 2,manual,HLV-H,Y,
71,Hardinge Operator Manual Pt 3.pdf,https://groups.io/g/hardinge-lathe/files/Hardinge%20Operator%20Manual%20Pt%203.pdf,.pdf,2.65,2009-01-26T03:25:42-08:00,HLV-H Early Manual Pt 3,manual,HLV-H,Y,
72,Hardinge Patents.xls,https://groups.io/g/hardinge-lathe/files/Hardinge%20Patents.xls,.xls,0.02,2007-10-08T16:09:39-07:00,Hardinge Patents 1890-1940 (.xls file) Rev.A,history,,Y,
73,"Hardinge T-10, TL Files/Hardinge TL-10 spindle belt replacement.pdf","https://groups.io/g/hardinge-lathe/files/Hardinge%20T-10,%20TL%20Files/Hardinge%20TL-10%20spindle%20belt%20replacement.pdf",.pdf,4.5,2015-07-21T12:46:07-07:00,Very nice photo guide by Matthew Kosh. Note the little ? marks in the corner; these have useful comments!,,TL,Y,
74,"Hardinge T-10, TL Files/T-10 004.jpg","https://groups.io/g/hardinge-lathe/files/Hardinge%20T-10,%20TL%20Files/T-10%20004.jpg",.jpg,0.0,2003-09-17T19:17:24-07:00,Rick's T-10,,TL,Y,
75,"Hardinge T-10, TL Files/T-10 Rack Pinion with Gear.pdf","https://groups.io/g/hardinge-lathe/files/Hardinge%20T-10,%20TL%20Files/T-10%20Rack%20Pinion%20with%20Gear.pdf",.pdf,3.35,2009-05-02T08:37:44-07:00,Hardinge drawing of rack pinion part for the T-10,drawing,TL,Y,
76,"Hardinge T-10, TL Files/TL gear quadrant.pdf","https://groups.io/g/hardinge-lathe/files/Hardinge%20T-10,%20TL%20Files/TL%20gear%20quadrant.pdf",.pdf,2.37,2014-03-26T11:26:41-07:00,TL gear quadrant with scales and measurements,gearing,TL,Y,
77,"Hardinge T-10, TL Files/Taper Attachment Shoe.jpg","https://groups.io/g/hardinge-lathe/files/Hardinge%20T-10,%20TL%20Files/Taper%20Attachment%20Shoe.jpg",.jpg,0.07,2003-09-14T09:46:33-07:00,Drawing of the Taper Attachment Shoe for the T10,drawing,TL,Y,
78,"Hardinge T-10, TL Files/Tim Manning/Hardinge T-10 (1).jpg","https://groups.io/g/hardinge-lathe/files/Hardinge%20T-10,%20TL%20Files/Tim%20Manning/Hardinge%20T-10%20(1).jpg",.jpg,0.05,2003-09-14T09:49:13-07:00,,move2album,TL,Y,
79,"Hardinge T-10, TL Files/Tim Manning/Hardinge T-10 (2) Right.jpg","https://groups.io/g/hardinge-lathe/files/Hardinge%20T-10,%20TL%20Files/Tim%20Manning/Hardinge%20T-10%20(2)%20Right.jpg",.jpg,0.08,2003-09-14T09:49:30-07:00,,move2album,TL,Y,
80,"Hardinge T-10, TL Files/hardinge t-10 headstock assembly.gif","https://groups.io/g/hardinge-lathe/files/Hardinge%20T-10,%20TL%20Files/hardinge%20t-10%20headstock%20assembly.gif",.gif,0.04,2006-08-25T18:26:56-07:00,Hardinge T-10 Headstock Assembly,drawing,TL,Y,
81,Hardinge TL Nut Retapping/1946 Slide Rest Tapping Bottom Nut.jpg,https://groups.io/g/hardinge-lathe/files/Hardinge%20TL%20Nut%20Retapping/1946%20Slide%20Rest%20Tapping%20Bottom%20Nut.jpg,.jpg,2.34,2011-04-06T17:59:09-07:00,Instructions for tapping the bottom slide nut,manual,TL,Y,
82,Hardinge TL Nut Retapping/1946 Slide Rest Tapping Top Nut.jpg,https://groups.io/g/hardinge-lathe/files/Hardinge%20TL%20Nut%20Retapping/1946%20Slide%20Rest%20Tapping%20Top%20Nut.jpg,.jpg,2.68,2011-04-06T18:00:50-07:00,Instructions for tapping the top slide nut,manual,TL,Y,
83,Hardinge TL prints/TL headstock removal.bmp,https://groups.io/g/hardinge-lathe/files/Hardinge%20TL%20prints/TL%20headstock%20removal.bmp,.bmp,1.84,2010-01-31T12:36:29-08:00,TL headstock removal,manual,TL,Y,
84,Hardinge TL prints/TL split nut.bmp,https://groups.io/g/hardinge-lathe/files/Hardinge%20TL%20prints/TL%20split%20nut.bmp,.bmp,1.91,2010-01-31T12:38:44-08:00,TL split nut instructions,manual,TL,Y,
85,Hardinge change gear hardware.bmp,https://groups.io/g/hardinge-lathe/files/Hardinge%20change%20gear%20hardware.bmp,.bmp,1.05,2004-05-10T18:07:21-07:00,Change gear bracket hardware,gearing,,Y,
86,HardingePatents.htm,https://groups.io/g/hardinge-lathe/files/HardingePatents.htm,.htm,0.04,2006-07-23T11:13:19-07:00,Hardinge Patents 1890-1940,history,,Y,
87,Jasik HLV-H mods/CS_sprayMist.jpg,https://groups.io/g/hardinge-lathe/files/Jasik%20HLV-H%20mods/CS_sprayMist.jpg,.jpg,0.0,2017-09-18T21:19:38-07:00,Spray Mist on Cross Slide,move2album,HLV-H,Y,
88,Jasik HLV-H mods/Die_Hldrs.jpg,https://groups.io/g/hardinge-lathe/files/Jasik%20HLV-H%20mods/Die_Hldrs.jpg,.jpg,0.69,2017-09-18T21:20:43-07:00,Die Holders using store bought MT2 Extension,move2album,HLV-H,Y,
89,Jasik HLV-H mods/Float_1.jpg,https://groups.io/g/hardinge-lathe/files/Jasik%20HLV-H%20mods/Float_1.jpg,.jpg,0.0,2017-09-18T21:22:54-07:00,Air Bearing Tailstock mods,move2album,HLV-H,Y,
90,Jasik HLV-H mods/Float_2.jpg,https://groups.io/g/hardinge-lathe/files/Jasik%20HLV-H%20mods/Float_2.jpg,.jpg,0.5,2017-09-18T21:23:19-07:00,,move2album,HLV-H,Y,
91,Jasik HLV-H mods/Float_3.jpg,https://groups.io/g/hardinge-lathe/files/Jasik%20HLV-H%20mods/Float_3.jpg,.jpg,0.63,2017-09-18T21:23:36-07:00,,move2album,HLV-H,Y,
92,Jasik HLV-H mods/HS_tools.jpg,https://groups.io/g/hardinge-lathe/files/Jasik%20HLV-H%20mods/HS_tools.jpg,.jpg,0.0,2017-09-18T21:24:33-07:00,Misc tools held at Headstock end,move2album,HLV-H,Y,
93,Jasik HLV-H mods/Reverse_1.jpg,https://groups.io/g/hardinge-lathe/files/Jasik%20HLV-H%20mods/Reverse_1.jpg,.jpg,0.7,2017-09-18T21:25:14-07:00,Quick Reverse lever details,move2album,HLV-H,Y,
94,Jasik HLV-H mods/Reverse_2.jpg,https://groups.io/g/hardinge-lathe/files/Jasik%20HLV-H%20mods/Reverse_2.jpg,.jpg,0.68,2017-09-18T21:25:35-07:00,,move2album,HLV-H,Y,
95,Jasik HLV-H mods/SHL_1.jpg,https://groups.io/g/hardinge-lathe/files/Jasik%20HLV-H%20mods/SHL_1.jpg,.jpg,0.72,2017-09-18T21:27:06-07:00,simulation of a sliding headstock lathe to accurately reduce diameter of thin rods,move2album,HLV-H,Y,
96,Jasik HLV-H mods/SHL_2.jpg,https://groups.io/g/hardinge-lathe/files/Jasik%20HLV-H%20mods/SHL_2.jpg,.jpg,0.0,2017-09-18T21:27:31-07:00,,move2album,HLV-H,Y,
97,Jasik HLV-H mods/SIJ HLV-H page_1.pdf,https://groups.io/g/hardinge-lathe/files/Jasik%20HLV-H%20mods/SIJ%20HLV-H%20page_1.pdf,.pdf,0.18,2017-09-18T20:27:59-07:00,,move2album,HLV-H,Y,
98,Jasik HLV-H mods/SIJ HLV-H page_2.pdf,https://groups.io/g/hardinge-lathe/files/Jasik%20HLV-H%20mods/SIJ%20HLV-H%20page_2.pdf,.pdf,0.29,2017-09-18T20:28:17-07:00,,move2album,HLV-H,Y,
99,Jasik HLV-H mods/TS_Tools1.jpg,https://groups.io/g/hardinge-lathe/files/Jasik%20HLV-H%20mods/TS_Tools1.jpg,.jpg,0.81,2017-09-18T21:21:53-07:00,Tool storage platform at Tailstock end,move2album,HLV-H,Y,
100,Jim's Hardinge TL Lathe/20170826_203114.jpg,https://groups.io/g/hardinge-lathe/files/Jim's%20Hardinge%20TL%20Lathe/20170826_203114.jpg,.jpg,4.15,2017-09-17T06:53:34-07:00,,move2album,TL,Y,
101,Jim's Hardinge TL Lathe/20170826_203123_001.jpg,https://groups.io/g/hardinge-lathe/files/Jim's%20Hardinge%20TL%20Lathe/20170826_203123_001.jpg,.jpg,2.68,2017-09-17T06:54:23-07:00,,move2album,TL,Y,
102,Jim's Hardinge TL Lathe/20170826_203135.jpg,https://groups.io/g/hardinge-lathe/files/Jim's%20Hardinge%20TL%20Lathe/20170826_203135.jpg,.jpg,4.12,2017-09-17T06:52:37-07:00,,move2album,TL,Y,
103,Jim's Hardinge TL Lathe/20170826_203434.jpg,https://groups.io/g/hardinge-lathe/files/Jim's%20Hardinge%20TL%20Lathe/20170826_203434.jpg,.jpg,3.76,2017-09-17T06:55:14-07:00,,move2album,TL,Y,
104,Jim's Hardinge TL Lathe/20170826_203444.jpg,https://groups.io/g/hardinge-lathe/files/Jim's%20Hardinge%20TL%20Lathe/20170826_203444.jpg,.jpg,4.03,2017-09-17T06:56:11-07:00,,move2album,TL,Y,
105,Jim's Hardinge TL Lathe/20170826_203451.jpg,https://groups.io/g/hardinge-lathe/files/Jim's%20Hardinge%20TL%20Lathe/20170826_203451.jpg,.jpg,4.03,2017-09-17T06:57:22-07:00,,move2album,TL,Y,
106,MTECircuitDiagram.jpg,https://groups.io/g/hardinge-lathe/files/MTECircuitDiagram.jpg,.jpg,1.11,2016-02-04T09:48:30-08:00,Circuit Diagram for English built HLV by MTE dated 1955,electrical,HLV,Y,
107,Machinetoolfiles.com/hardinge_conquest42.pdf,https://groups.io/g/hardinge-lathe/files/Machinetoolfiles.com/hardinge_conquest42.pdf,.pdf,0.0,2009-02-10T19:49:33-08:00,Hardinge Conquest 42 CNC - Brochure,brochure,CNC,Y,
108,Machinetoolfiles.com/hardingehxl.pdf,https://groups.io/g/hardinge-lathe/files/Machinetoolfiles.com/hardingehxl.pdf,.pdf,0.0,2009-02-10T19:32:34-08:00,Hardinge HXL CNC Turning Center -Brochure,brochure,CNC,Y,
109,Machinetoolfiles.com/vari spindle collet closer info.pdf,https://groups.io/g/hardinge-lathe/files/Machinetoolfiles.com/vari%20spindle%20collet%20closer%20info.pdf,.pdf,0.56,2014-10-14T09:47:53-07:00,Vari-Grip Pneumatic collet closer,manual,AHC,Y,
110,Metric Thread Change Gears HLV-H.pdf,https://groups.io/g/hardinge-lathe/files/Metric%20Thread%20Change%20Gears%20HLV-H.pdf,.pdf,0.27,2022-01-13T08:31:07-08:00,"How to set up change gears to cut metric threads on an English HLV-H along with gear spec, size, source and cost.",gearing,HLV-H,Y,
111,QUICK ACTING ASSY5.pdf,https://groups.io/g/hardinge-lathe/files/QUICK%20ACTING%20ASSY5.pdf,.pdf,0.08,2008-01-21T10:52:48-08:00,TL Quick Acting Tool Post Slide,drawing,TL,Y,
112,SIJ HLV-H page_1.pdf,https://groups.io/g/hardinge-lathe/files/SIJ%20HLV-H%20page_1.pdf,.pdf,0.18,2017-09-18T20:27:25-07:00,,delete,HLV-H,Y,
113,Scans.TIF,https://groups.io/g/hardinge-lathe/files/Scans.TIF,.TIF,0.16,2007-11-29T15:53:54-08:00,TL Lubrication,manual,TL,Y,
114,Spindle Bearing Replacement.pdf,https://groups.io/g/hardinge-lathe/files/Spindle%20Bearing%20Replacement.pdf,.pdf,0.11,2009-02-26T13:32:32-08:00,Gunner's Spindle Bearing Replacement,manual,HLV-H,Y,
115,Spindle Brake (late models).pdf,https://groups.io/g/hardinge-lathe/files/Spindle%20Brake%20(late%20models).pdf,.pdf,1.51,2009-01-27T17:36:57-08:00,later style spindle brake adjustment,manual,HLV-H,Y,
116,T-10 OPERATION MANUAL/Hardinge TL instruction manual 1.pdf,https://groups.io/g/hardinge-lathe/files/T-10%20OPERATION%20MANUAL/Hardinge%20TL%20instruction%20manual%201.pdf,.pdf,4.02,2020-03-10T13:06:59-07:00,,manual,TL,Y,
117,T-10 OPERATION MANUAL/Hardinge TL instruction manual 2.pdf,https://groups.io/g/hardinge-lathe/files/T-10%20OPERATION%20MANUAL/Hardinge%20TL%20instruction%20manual%202.pdf,.pdf,6.43,2020-03-10T13:06:59-07:00,,manual,TL,Y,
118,T-10 OPERATION MANUAL/T-10 MANUAL 1.jpg,https://groups.io/g/hardinge-lathe/files/T-10%20OPERATION%20MANUAL/T-10%20MANUAL%201.jpg,.jpg,0.11,2003-09-28T21:03:46-07:00,1,delete,TL,Y,
119,T-10 OPERATION MANUAL/T-10 MANUAL 2.jpg,https://groups.io/g/hardinge-lathe/files/T-10%20OPERATION%20MANUAL/T-10%20MANUAL%202.jpg,.jpg,0.18,2003-09-28T21:04:26-07:00,2,delete,TL,Y,
120,T-10 OPERATION MANUAL/T-10 MANUAL 3.pdf,https://groups.io/g/hardinge-lathe/files/T-10%20OPERATION%20MANUAL/T-10%20MANUAL%203.pdf,.pdf,0.65,2020-03-10T17:02:03-07:00,,delete,TL,Y,
121,T-10 OPERATION MANUAL/T-10 MANUAL 4.jpg,https://groups.io/g/hardinge-lathe/files/T-10%20OPERATION%20MANUAL/T-10%20MANUAL%204.jpg,.jpg,0.11,2003-09-28T21:05:00-07:00,4,delete,TL,Y,
122,T-10 OPERATION MANUAL/T-10 MANUAL 5.jpg,https://groups.io/g/hardinge-lathe/files/T-10%20OPERATION%20MANUAL/T-10%20MANUAL%205.jpg,.jpg,0.09,2003-09-28T21:06:05-07:00,5,delete,TL,Y,
123,T-10 OPERATION MANUAL/T-10 MANUAL 6.jpg,https://groups.io/g/hardinge-lathe/files/T-10%20OPERATION%20MANUAL/T-10%20MANUAL%206.jpg,.jpg,0.11,2003-09-28T21:06:36-07:00,6,delete,TL,Y,
124,T-10 OPERATION MANUAL/T-10 MANUAL 7.jpg,https://groups.io/g/hardinge-lathe/files/T-10%20OPERATION%20MANUAL/T-10%20MANUAL%207.jpg,.jpg,0.1,2003-09-28T21:07:14-07:00,7,delete,TL,Y,
125,T-10 OPERATION MANUAL/T-10 MANUAL 8.jpg,https://groups.io/g/hardinge-lathe/files/T-10%20OPERATION%20MANUAL/T-10%20MANUAL%208.jpg,.jpg,0.09,2003-09-28T21:03:17-07:00,8,delete,TL,Y,
126,T-10 OPERATION MANUAL/T-10 Manual 1A.jpg,https://groups.io/g/hardinge-lathe/files/T-10%20OPERATION%20MANUAL/T-10%20Manual%201A.jpg,.jpg,0.05,2003-09-28T21:02:45-07:00,1A,delete,TL,Y,
127,TL Converter.jpg,https://groups.io/g/hardinge-lathe/files/TL%20Converter.jpg,.jpg,0.12,2004-03-30T10:09:52-08:00,TL Single-Phase Start/Run Circuit,electrical,TL,Y,
128,TL gear quadrant.pdf,https://groups.io/g/hardinge-lathe/files/TL%20gear%20quadrant.pdf,.pdf,2.38,2014-04-28T06:50:04-07:00,Scans of a TL gear quadrant with precision rulers for scale,gearing,TL,Y,
129,TL metric thread bracket ass'y.tif,https://groups.io/g/hardinge-lathe/files/TL%20metric%20thread%20bracket%20ass'y.tif,.tif,0.0,2004-02-25T17:46:13-08:00,TL metric thread bracket ass'y,gearing,TL,Y,
130,TL metric threading bracket.tif,https://groups.io/g/hardinge-lathe/files/TL%20metric%20threading%20bracket.tif,.tif,0.09,2004-05-02T13:25:31-07:00,TL metric thread bracket drawing,gearing,TL,Y,
131,TL-6560.pdf,https://groups.io/g/hardinge-lathe/files/TL-6560.pdf,.pdf,0.26,2011-03-21T00:51:45-07:00,,drawing,TL,Y,
132,TL-Follow-Rest.jpg,https://groups.io/g/hardinge-lathe/files/TL-Follow-Rest.jpg,.jpg,0.03,2004-05-01T16:33:01-07:00,TL Follow Rest Concept,,TL,Y,
133,"TM, UM, HC(early ),&TL serial numbers.pdf","https://groups.io/g/hardinge-lathe/files/TM,%20UM,%20HC(early%20),&TL%20serial%20numbers.pdf",.pdf,0.02,2009-01-30T13:37:03-08:00,Cleaner pdf version of Peter's serial numbers,history,HC,Y,
134,TM-UM-HC(Early)-TL.jpg,https://groups.io/g/hardinge-lathe/files/TM-UM-HC(Early)-TL.jpg,.jpg,0.09,2004-06-01T23:19:01-07:00,TL Serial Numbers,history,HC,Y,
135,Taper Nose 5C.pdf,https://groups.io/g/hardinge-lathe/files/Taper%20Nose%205C.pdf,.pdf,0.07,2011-01-28T19:01:33-08:00,Hardinge 4 Degree Spindle Nose,drawing,TL,Y,
136,Toms Hardinge Data/Gear-wheel-data-METRIC DATA-2.xls,https://groups.io/g/hardinge-lathe/files/Toms%20Hardinge%20Data/Gear-wheel-data-METRIC%20DATA-2.xls,.xls,0.0,2011-12-28T01:37:54-08:00,Hardinge Gear Wheel Data,gearing,TR+ESM,Y,
137,change_gears_rdp/English threads using metric gear set.pdf,https://groups.io/g/hardinge-lathe/files/change_gears_rdp/English%20threads%20using%20metric%20gear%20set.pdf,.pdf,0.02,2014-03-26T12:01:57-07:00,English threads using metric gear set,gearing,,Y,
138,change_gears_rdp/Hardinge metric threading chart.jpg,https://groups.io/g/hardinge-lathe/files/change_gears_rdp/Hardinge%20metric%20threading%20chart.jpg,.jpg,0.18,2014-07-15T14:58:32-07:00,Peter Haas' chart for metric threading on a Hardinge,gearing,,Y,
139,change_gears_rdp/rdupreez_1.2mm.out,https://groups.io/g/hardinge-lathe/files/change_gears_rdp/rdupreez_1.2mm.out,.out,0.05,2005-10-11T00:13:16-07:00,"gears at 1.2mm pitch, IMP, BA, DP, MOD",gearing,,Y,
140,change_gears_rdp/rdupreez_10.out,https://groups.io/g/hardinge-lathe/files/change_gears_rdp/rdupreez_10.out,.out,0.01,2005-10-09T23:16:35-07:00,gear table at 10 TPI,gearing,,Y,
141,change_gears_rdp/rdupreez_20.out,https://groups.io/g/hardinge-lathe/files/change_gears_rdp/rdupreez_20.out,.out,0.01,2005-10-09T23:17:13-07:00,gears at 20 TPI,gearing,,Y,
142,change_gears_rdp/rdupreez_40.out,https://groups.io/g/hardinge-lathe/files/change_gears_rdp/rdupreez_40.out,.out,0.01,2005-10-09T23:17:48-07:00,gears at 40 TPI,gearing,,Y,
143,hardinge-hc-hct.pdf,https://groups.io/g/hardinge-lathe/files/hardinge-hc-hct.pdf,.pdf,0.0,2005-09-03T14:45:19-07:00,Hardinge HC Chucker manual Courtesy of Dennis Mobbs of cornwall uk,manual,HC,Y,
144,hardinge1.jpg,https://groups.io/g/hardinge-lathe/files/hardinge1.jpg,.jpg,0.07,2011-06-08T04:27:44-07:00,HLV metric banjo drawing,drawing,HLV,Y,
145,hlv-bk worm.tif,https://groups.io/g/hardinge-lathe/files/hlv-bk%20worm.tif,.tif,0.0,2006-09-14T17:42:25-07:00,HLV-BK carriage drive worm gear drawing,gearing,HLV,Y,
